[Truncated to first 65536 bytes]
{
  "meta" : {
    "view" : {
      "id" : "jxy9-yhdk",
      "name" : "Baby Names: Beginning 2007",
      "attribution" : "New York State Department of Health",
      "attributionLink" : "http://www.health.ny.gov/statistics/vital_statistics/",
      "averageRating" : 0,
      "category" : "Health",
      "createdAt" : 1356724562,
      "description" : "New York State Baby Names are aggregated and displayed by the year, county or borough where the mother resided as stated on a New York State or New York City (NYC) birth certificate. The frequency of the Baby Name is listed if there are 5 or more of the same baby name in a county outside of NYC, or 10 or more of the same baby name in a NYC borough.",
      "displayType" : "table",
      "downloadCount" : 22458,
      "hideFromCatalog" : false,
      "hideFromDataJson" : false,
      "indexUpdatedAt" : 1527713966,
      "newBackend" : false,
      "numberOfComments" : 0,
      "oid" : 28927042,
      "provenance" : "official",
      "publicationAppendEnabled" : false,
      "publicationDate" : 1527713207,
      "publicationGroup" : 583607,
      "publicationStage" : "published",
      "rowsUpdatedAt" : 1527713086,
      "rowsUpdatedBy" : "s9j2-nqmr",
      "tableId" : 15236047,
      "totalTimesRated" : 0,
      "viewCount" : 72824,
      "viewLastModified" : 1527713207,
      "viewType" : "tabular",
      "columns" : [ {
        "id" : -1,
        "name" : "sid",
        "dataTypeName" : "meta_data",
        "fieldName" : ":sid",
        "position" : 0,
        "renderTypeName" : "meta_data",
        "format" : { },
        "flags" : [ "hidden" ]
      }, {
        "id" : -1,
        "name" : "id",
        "dataTypeName" : "meta_data",
        "fieldName" : ":id",
        "position" : 0,
        "renderTypeName" : "meta_data",
        "format" : { },
        "flags" : [ "hidden" ]
      }, {
        "id" : -1,
        "name" : "position",
        "dataTypeName" : "meta_data",
        "fieldName" : ":position",
        "position" : 0,
        "renderTypeName" : "meta_data",
        "format" : { },
        "flags" : [ "hidden" ]
      }, {
        "id" : -1,
        "name" : "created_at",
        "dataTypeName" : "meta_data",
        "fieldName" : ":created_at",
        "position" : 0,
        "renderTypeName" : "meta_data",
        "format" : { },
        "flags" : [ "hidden" ]
      }, {
        "id" : -1,
        "name" : "created_meta",
        "dataTypeName" : "meta_data",
        "fieldName" : ":created_meta",
        "position" : 0,
        "renderTypeName" : "meta_data",
        "format" : { },
        "flags" : [ "hidden" ]
      }, {
        "id" : -1,
        "name" : "updated_at",
        "dataTypeName" : "meta_data",
        "fieldName" : ":updated_at",
        "position" : 0,
        "renderTypeName" : "meta_data",
        "format" : { },
        "flags" : [ "hidden" ]
      }, {
        "id" : -1,
        "name" : "updated_meta",
        "dataTypeName" : "meta_data",
        "fieldName" : ":updated_meta",
        "position" : 0,
        "renderTypeName" : "meta_data",
        "format" : { },
        "flags" : [ "hidden" ]
      }, {
        "id" : -1,
        "name" : "meta",
        "dataTypeName" : "meta_data",
        "fieldName" : ":meta",
        "position" : 0,
        "renderTypeName" : "meta_data",
        "format" : { },
        "flags" : [ "hidden" ]
      }, {
        "id" : 361599813,
        "name" : "Year",
        "dataTypeName" : "number",
        "description" : "Year data was collected. ",
        "fieldName" : "year",
        "position" : 1,
        "renderTypeName" : "number",
        "tableColumnId" : 6477901,
        "width" : 89,
        "cachedContents" : {
          "largest" : "2016",
          "non_null" : 235510,
          "average" : "2014.408819158422",
          "null" : 0,
          "top" : [ {
            "item" : "2013",
            "count" : 20
          }, {
            "item" : "2012",
            "count" : 19
          }, {
            "item" : "2011",
            "count" : 18
          }, {
            "item" : "2009",
            "count" : 17
          }, {
            "item" : "2008",
            "count" : 16
          }, {
            "item" : "2007",
            "count" : 15
          }, {
            "item" : "2010",
            "count" : 14
          }, {
            "item" : "2014",
            "count" : 13
          }, {
            "item" : "2015",
            "count" : 12
          }, {
            "item" : "2016",
            "count" : 11
          } ],
          "smallest" : "2007",
          "sum" : "474413421"
        },
        "format" : {
          "precisionStyle" : "standard",
          "noCommas" : "false",
          "align" : "center",
          "mask" : "####"
        }
      }, {
        "id" : 361599814,
        "name" : "First Name",
        "dataTypeName" : "text",
        "description" : "First Name.",
        "fieldName" : "first_name",
        "position" : 2,
        "renderTypeName" : "text",
        "tableColumnId" : 6477902,
        "width" : 260,
        "cachedContents" : {
          "largest" : "ZYZANNA",
          "non_null" : 235510,
          "null" : 0,
          "top" : [ {
            "item" : "ZYRA",
            "count" : 20
          }, {
            "item" : "ZYRE",
            "count" : 19
          }, {
            "item" : "ZYRESE",
            "count" : 18
          }, {
            "item" : "ZYRIE",
            "count" : 17
          }, {
            "item" : "ZYRIEANNA",
            "count" : 16
          }, {
            "item" : "ZYZANNA",
            "count" : 15
          } ],
          "smallest" : "A"
        },
        "format" : {
          "align" : "left"
        }
      }, {
        "id" : 361599815,
        "name" : "County",
        "dataTypeName" : "text",
        "description" : "Location where the baby’s mother resided as stated on their \nbirth certificate.",
        "fieldName" : "county",
        "position" : 3,
        "renderTypeName" : "text",
        "tableColumnId" : 6477903,
        "width" : 210,
        "cachedContents" : {
          "largest" : "YATES",
          "non_null" : 235510,
          "null" : 0,
          "top" : [ {
            "item" : "KINGS",
            "count" : 20
          }, {
            "item" : "SUFFOLK",
            "count" : 19
          }, {
            "item" : "NASSAU",
            "count" : 18
          }, {
            "item" : "QUEENS",
            "count" : 17
          }, {
            "item" : "Bronx",
            "count" : 16
          }, {
            "item" : "Erie",
            "count" : 15
          }, {
            "item" : "Kings",
            "count" : 14
          }, {
            "item" : "Queens",
            "count" : 13
          }, {
            "item" : "Monroe",
            "count" : 12
          }, {
            "item" : "Nassau",
            "count" : 11
          }, {
            "item" : "New York",
            "count" : 10
          }, {
            "item" : "Oneida",
            "count" : 9
          }, {
            "item" : "Onondaga",
            "count" : 8
          }, {
            "item" : "Orange",
            "count" : 7
          }, {
            "item" : "Richmond",
            "count" : 6
          }, {
            "item" : "Rockland",
            "count" : 5
          }, {
            "item" : "Suffolk",
            "count" : 4
          }, {
            "item" : "Ulster",
            "count" : 3
          }, {
            "item" : "Westchester",
            "count" : 2
          }, {
            "item" : "Dutchess",
            "count" : 1
          } ],
          "smallest" : "Albany"
        },
        "format" : {
          "align" : "left"
        }
      }, {
        "id" : 361599816,
        "name" : "Sex",
        "dataTypeName" : "text",
        "description" : "F= Female\nM= Male\n",
        "fieldName" : "sex",
        "position" : 4,
        "renderTypeName" : "text",
        "tableColumnId" : 6477904,
        "width" : 82,
        "cachedContents" : {
          "largest" : "M",
          "non_null" : 235510,
          "null" : 0,
          "top" : [ {
            "item" : "M",
            "count" : 20
          }, {
            "item" : "F",
            "count" : 19
          } ],
          "smallest" : "F"
        },
        "format" : {
          "align" : "center"
        }
      }, {
        "id" : 361599817,
        "name" : "Count",
        "dataTypeName" : "number",
        "description" : "Five (5) or more of the same baby name in a county outside of NYC;  Ten (10) or more of the same baby name in a NYC borough.\n",
        "fieldName" : "name_count",
        "position" : 5,
        "renderTypeName" : "number",
        "tableColumnId" : 6477905,
        "width" : 99,
        "cachedContents" : {
          "largest" : "297",
          "non_null" : 235510,
          "average" : "5.979588977113498",
          "null" : 0,
          "top" : [ {
            "item" : "16",
            "count" : 20
          }, {
            "item" : "15",
            "count" : 19
          }, {
            "item" : "6",
            "count" : 18
          }, {
            "item" : "10",
            "count" : 17
          }, {
            "item" : "14",
            "count" : 16
          }, {
            "item" : "11",
            "count" : 15
          }, {
            "item" : "13",
            "count" : 14
          }, {
            "item" : "5",
            "count" : 13
          }, {
            "item" : "12",
            "count" : 12
          }, {
            "item" : "19",
            "count" : 11
          }, {
            "item" : "7",
            "count" : 10
          }, {
            "item" : "8",
            "count" : 9
          }, {
            "item" : "9",
            "count" : 8
          }, {
            "item" : "25",
            "count" : 7
          }, {
            "item" : "23",
            "count" : 6
          }, {
            "item" : "22",
            "count" : 5
          }, {
            "item" : "18",
            "count" : 4
          }, {
            "item" : "20",
            "count" : 3
          }, {
            "item" : "21",
            "count" : 2
          }, {
            "item" : "24",
            "count" : 1
          } ],
          "smallest" : "1",
          "sum" : "1408253"
        },
        "format" : {
          "precisionStyle" : "standard",
          "noCommas" : "false",
          "align" : "right"
        }
      } ],
      "grants" : [ {
        "inherited" : false,
        "type" : "viewer",
        "flags" : [ "public" ]
      } ],
      "metadata" : {
        "jsonQuery" : {
          "order" : [ {
            "ascending" : false,
            "columnFieldName" : "year"
          }, {
            "ascending" : false,
            "columnFieldName" : "count"
          }, {
            "ascending" : true,
            "columnFieldName" : "first_name"
          }, {
            "ascending" : true,
            "columnFieldName" : "county"
          } ]
        },
        "rdfSubject" : "0",
        "attachments" : [ {
          "filename" : "NYSDOH_BabyNames_Overview.pdf",
          "assetId" : "",
          "blobId" : "EE5A3D0F-8475-4617-AB91-67886CD6FF0F",
          "name" : "NYSDOH_BabyNames_Overview.pdf"
        }, {
          "filename" : "NYSDOH_BabyNames_DataDictionary.pdf",
          "assetId" : "",
          "blobId" : "76ED6252-BAB0-48BC-BD17-A56535F281C3",
          "name" : "NYSDOH_BabyNames_DataDictionary.pdf"
        }, {
          "filename" : "NYSDOH_BabyNames_Benefits.pdf",
          "assetId" : "",
          "blobId" : "C0499411-1105-4C08-99AF-B36844AA88DA",
          "name" : "NYSDOH_BabyNames_Benefits.pdf"
        } ],
        "custom_fields" : {
          "Dataset Summary" : {
            "Posting Frequency" : "Annually",
            "Organization" : "Division of Administration - Vital Statistics",
            "Contact Information" : " ",
            "Time Period" : "Beginning 2007",
            "Coverage" : "Statewide",
            "Granularity" : "First Name",
            "Units" : "First Name",
            "Dataset Owner" : "Bureau of Biometrics and Health Statistics",
            "Data Frequency" : "Annually"
          },
          "Local Data" : {
            "County_Column" : "county",
            "County Filter" : "Yes"
          },
          "Additional Resources" : {
            "See Also" : "https://nycopendata.socrata.com/"
          },
          "Disclaimers" : {
            "Limitations" : "Baby names are aggregated and displayed by the year, county or borough where the mother resided as stated on a New York State or New York City (NYC) birth certificate.The frequency of the Baby Name is listed, if there are:  5 or more of the same baby name in a county outside of  NYC; or 10 or more of the same baby name in a NYC borough."
          },
          "Dataset Information" : {
            "Agency" : "Health, Department of"
          }
        },
        "filterCondition" : {
          "metadata" : {
            "advanced" : true,
            "unifiedVersion" : 2
          },
          "children" : [ {
            "metadata" : {
              "tableColumnId" : {
                "583607" : 6477901
              },
              "includeAuto" : 10,
              "operator" : "EQUALS"
            },
            "type" : "operator",
            "value" : "OR"
          }, {
            "metadata" : {
              "tableColumnId" : {
                "583607" : 6477902
              },
              "operator" : "EQUALS"
            },
            "type" : "operator",
            "value" : "OR"
          }, {
            "metadata" : {
              "tableColumnId" : {
                "583607" : 6477903
              },
              "operator" : "EQUALS"
            },
            "type" : "operator",
            "value" : "OR"
          }, {
            "metadata" : {
              "tableColumnId" : {
                "583607" : 6477904
              },
              "includeAuto" : 2,
              "operator" : "EQUALS",
              "multiSelect" : false
            },
            "type" : "operator",
            "value" : "OR"
          } ],
          "type" : "operator",
          "value" : "AND"
        },
        "rowLabel" : "Row",
        "availableDisplayTypes" : [ "table", "fatrow", "page" ],
        "renderTypeConfig" : {
          "visible" : {
            "table" : true
          }
        }
      },
      "owner" : {
        "id" : "s9j2-nqmr",
        "displayName" : "Open Data NY - DOH",
        "profileImageUrlLarge" : "/api/users/s9j2-nqmr/profile_images/LARGE",
        "profileImageUrlMedium" : "/api/users/s9j2-nqmr/profile_images/THUMB",
        "profileImageUrlSmall" : "/api/users/s9j2-nqmr/profile_images/TINY",
        "screenName" : "Open Data NY - DOH",
        "type" : "interactive"
      },
      "query" : {
        "orderBys" : [ {
          "ascending" : false,
          "expression" : {
            "columnId" : 361599813,
            "type" : "column"
          }
        }, {
          "ascending" : false,
          "expression" : {
            "columnId" : 361599817,
            "type" : "column"
          }
        }, {
          "ascending" : true,
          "expression" : {
            "columnId" : 361599814,
            "type" : "column"
          }
        }, {
          "ascending" : true,
          "expression" : {
            "columnId" : 361599815,
            "type" : "column"
          }
        } ]
      },
      "rights" : [ "read" ],
      "tableAuthor" : {
        "id" : "s9j2-nqmr",
        "displayName" : "Open Data NY - DOH",
        "profileImageUrlLarge" : "/api/users/s9j2-nqmr/profile_images/LARGE",
        "profileImageUrlMedium" : "/api/users/s9j2-nqmr/profile_images/THUMB",
        "profileImageUrlSmall" : "/api/users/s9j2-nqmr/profile_images/TINY",
        "screenName" : "Open Data NY - DOH",
        "type" : "interactive"
      },
      "tags" : [ "baby", "names", "consumer resources", "births-deaths-other facts" ],
      "flags" : [ "default", "restorable", "restorePossibleForType" ]
    }
  },
  "data" : [ [ 1, "5DC7F285-052B-4739-8DC3-62827014A4CD", 1, 1425450997, "714909", 1425450997, "714909", "{\n}", "2013", "GAVIN", "ST LAWRENCE", "M", "9" ]]

